Region,Store Name,#,Link
ae,Dubai Mall,1,https://www.apple.com/ae/retail/dubaimall/images/hero_large_2x.jpg
ae,Dubai Mall,2,
ae,Dubai Mall,3,
ae,Dubai Mall,4,
ae,Dubai Mall,5,
ae,Dubai Mall,6,
ae,Dubai Mall,7,
ae,Dubai Mall,8,
ae,Mall of the Emirates,1,https://www.apple.com/ae/retail/malloftheemirates/images/hero_large_2x.jpg
ae,Mall of the Emirates,2,https://www.apple.comhttps://images.apple.com/ae/retail/store/images/galleries/malloftheemirates/images/malloftheemirates_gallery_image2_large_2x.jpg
ae,Mall of the Emirates,3,https://www.apple.comhttps://images.apple.com/ae/retail/store/images/galleries/malloftheemirates/images/malloftheemirates_gallery_image3_large_2x.jpg
ae,Mall of the Emirates,4,https://www.apple.comhttps://images.apple.com/ae/retail/store/images/galleries/malloftheemirates/images/malloftheemirates_gallery_image4_large_2x.jpg
ae,Mall of the Emirates,5,https://www.apple.comhttps://images.apple.com/ae/retail/store/images/galleries/malloftheemirates/images/malloftheemirates_gallery_image5_large_2x.jpg
ae,Mall of the Emirates,6,https://www.apple.comhttps://images.apple.com/ae/retail/store/images/galleries/malloftheemirates/images/malloftheemirates_gallery_image6_large_2x.jpg
ae,Mall of the Emirates,7,https://www.apple.comhttps://images.apple.com/ae/retail/store/images/galleries/malloftheemirates/images/malloftheemirates_gallery_image7_large_2x.jpg
ae,Mall of the Emirates,8,https://www.apple.comhttps://images.apple.com/ae/retail/store/images/galleries/malloftheemirates/images/malloftheemirates_gallery_image8_large_2x.jpg
ae,Yas Mall,1,https://www.apple.com/ae/retail/yasmall/images/hero_large_2x.jpg
at,Kärntner Straße,1,https://www.apple.com/at/retail/kaerntnerstrasse/images/hero_large_2x.jpg
au,Bondi,1,https://www.apple.com/au/retail/bondi/images/hero_large_2x.jpg
au,Booragoon,1,https://www.apple.com/au/retail/booragoon/images/hero_large_2x.jpg
au,Brisbane,1,https://www.apple.com/au/retail/brisbane/images/hero_large_2x.jpg
au,Brisbane,2,https://www.apple.comhttps://images.apple.com/au/retail/store/galleries/brisbane/images/brisbane_gallery_1_large_2x.jpg
au,Brisbane,3,https://www.apple.comhttps://images.apple.com/au/retail/store/galleries/brisbane/images/brisbane_gallery_2_large_2x.jpg
au,Brisbane,4,https://www.apple.comhttps://images.apple.com/au/retail/store/galleries/brisbane/images/brisbane_gallery_3_large_2x.jpg
au,Brisbane,5,https://www.apple.comhttps://images.apple.com/au/retail/store/galleries/brisbane/images/brisbane_gallery_4_large_2x.jpg
au,Brisbane,6,https://www.apple.comhttps://images.apple.com/au/retail/store/galleries/brisbane/images/brisbane_gallery_5_large_2x.jpg
au,Brisbane,7,https://www.apple.comhttps://images.apple.com/au/retail/store/galleries/brisbane/images/brisbane_gallery_6_large_2x.jpg
au,Brisbane,8,https://www.apple.comhttps://images.apple.com/au/retail/store/galleries/brisbane/images/brisbane_gallery_7_large_2x.jpg
au,Broadway,1,https://www.apple.com/au/retail/broadway/images/hero_large_2x.jpg
au,Canberra,1,https://www.apple.com/au/retail/canberra/images/hero_large_2x.jpg
au,Carindale,1,https://www.apple.com/au/retail/carindale/images/hero_large_2x.jpg
au,Castle Towers,1,https://www.apple.com/au/retail/castletowers/images/hero_large_2x.jpg
au,Chadstone,1,https://www.apple.com/au/retail/chadstone/images/hero_large_2x.jpg
au,Charlestown,1,https://www.apple.com/au/retail/charlestown/images/hero_large_2x.jpg
au,Chatswood Chase,1,https://www.apple.com/au/retail/chatswoodchase/images/hero_large_2x.jpg
au,Chermside,1,https://www.apple.com/au/retail/chermside/images/hero_large_2x.jpg
au,Doncaster,1,https://www.apple.com/au/retail/doncaster/images/hero_large_2x.jpg
au,Fountain Gate,1,https://www.apple.com/au/retail/fountaingate/images/hero_large_2x.jpg
au,Highpoint,1,https://www.apple.com/au/retail/highpoint/images/hero_large_2x.jpg
au,Hornsby,1,https://www.apple.com/au/retail/hornsby/images/hero_large_2x.jpg
au,Miranda,1,https://www.apple.com/au/retail/miranda/images/hero_large_2x.jpg
au,Penrith,1,https://www.apple.com/au/retail/penrith/images/hero_large_2x.jpg
au,Perth City,1,https://www.apple.com/au/retail/perthcity/images/hero_large_2x.jpg
au,Robina,1,https://www.apple.com/au/retail/robina/images/hero_large_2x.jpg
au,Rundle Place,1,https://www.apple.com/au/retail/rundleplace/images/hero_large_2x.jpg
au,Southland,1,https://www.apple.com/au/retail/southland/images/hero_large_2x.jpg
au,Sydney,1,https://www.apple.com/au/retail/sydney/images/map_large_2x.jpg
be,Brussels,1,https://www.apple.com/befr/retail/brussels/images/hero_large_2x.jpg
be,Brussels,2,https://www.apple.comhttps://images.apple.com/befr/retail/store/images/galleries/brussels/images/brussels_gallery_image2_large_2x.jpg
be,Brussels,3,https://www.apple.comhttps://images.apple.com/befr/retail/store/images/galleries/brussels/images/brussels_gallery_image3_large_2x.jpg
be,Brussels,4,https://www.apple.comhttps://images.apple.com/befr/retail/store/images/galleries/brussels/images/brussels_gallery_image4_large_2x.jpg
be,Brussels,5,https://www.apple.comhttps://images.apple.com/befr/retail/store/images/galleries/brussels/images/brussels_gallery_image5_large_2x.jpg
be,Brussels,6,https://www.apple.comhttps://images.apple.com/befr/retail/store/images/galleries/brussels/images/brussels_gallery_image6_large_2x.jpg
be,Brussels,7,https://www.apple.comhttps://images.apple.com/befr/retail/store/images/galleries/brussels/images/brussels_gallery_image7_large_2x.jpg
be,Brussels,8,https://www.apple.comhttps://images.apple.com/befr/retail/store/images/galleries/brussels/images/brussels_gallery_image8_large_2x.jpg
br,Morumbi,1,https://www.apple.com/br/retail/morumbi/images/hero_large_2x.jpg
br,VillageMall,1,https://www.apple.com/br/retail/villagemall/images/hero_large_2x.jpg
ca,Bayshore Shopping Centre,1,https://www.apple.com/ca/retail/bayshoreshoppingcentre/images/hero_large_2x.jpg
ca,Carrefour Laval,1,https://www.apple.com/ca/retail/carrefourlaval/images/hero_large_2x.jpg
ca,Chinook Centre,1,https://www.apple.com/ca/retail/chinookcentre/images/hero_large_2x.jpg
ca,Conestoga,1,https://www.apple.com/ca/retail/conestoga/images/hero_large_2x.jpg
ca,Coquitlam Centre,1,https://www.apple.com/ca/retail/coquitlamcentre/images/hero_large_2x.jpg
ca,DIX30,1,https://www.apple.com/ca/retail/dix30/images/hero_large_2x.jpg
ca,Eaton Centre,1,https://www.apple.com/ca/retail/eatoncentre/images/hero_large_2x.jpg
ca,Fairview,1,https://www.apple.com/ca/retail/fairview/images/hero_large_2x.jpg
ca,Fairview Pointe-Claire,1,https://www.apple.com/ca/retail/fairviewpointeclaire/images/hero_large_2x.jpg
ca,Guildford Town Centre,1,https://www.apple.com/ca/retail/guildfordtowncentre/images/hero_large_2x.jpg
ca,Halifax Shopping Centre,1,https://www.apple.com/ca/retail/halifaxshoppingcentre/images/hero_large_2x.jpg
ca,Mapleview Centre,1,https://www.apple.com/ca/retail/mapleviewcentre/images/hero_large_2x.jpg
ca,Market Mall,1,https://www.apple.com/ca/retail/marketmall/images/hero_large_2x.jpg
ca,Markville Shopping Centre,1,https://www.apple.com/ca/retail/markvilleshoppingcentre/images/hero_large_2x.jpg
ca,Masonville,1,https://www.apple.com/ca/retail/masonville/images/hero_large_2x.jpg
ca,Metrotown,1,https://www.apple.com/ca/retail/metrotown/images/hero_large_2x.jpg
ca,Oakridge Centre,1,https://www.apple.com/ca/retail/oakridgecentre/images/hero_large_2x.jpg
ca,Pacific Centre,1,https://www.apple.com/ca/retail/pacificcentre/images/hero_large_2x.jpg
ca,Place Ste-Foy,1,https://www.apple.com/ca/retail/placestefoy/images/hero_large_2x.jpg
ca,Polo Park,1,https://www.apple.com/ca/retail/polopark/images/hero_large_2x.jpg
ca,Richmond Centre,1,https://www.apple.com/ca/retail/richmondcentre/images/hero_large_2x.jpg
ca,Rideau,1,https://www.apple.com/ca/retail/rideau/images/hero_large_2x.jpg
ca,Sainte-Catherine,1,https://www.apple.com/ca/retail/saintecatherine/images/hero_large_2x.jpg
ca,Sherway Gardens,1,https://www.apple.com/ca/retail/sherwaygardens/images/hero_large_2x.jpg
ca,Southgate Centre,1,https://www.apple.com/ca/retail/southgatecentre/images/hero_large_2x.jpg
ca,Square One,1,https://www.apple.com/ca/retail/squareone/images/hero_large_2x.jpg
ca,Upper Canada Mall,1,https://www.apple.com/ca/retail/uppercanadamall/images/hero_large_2x.jpg
ca,West Edmonton,1,https://www.apple.com/ca/retail/westedmonton/images/hero_large_2x.jpg
ca,Yorkdale,1,https://www.apple.com/ca/retail/yorkdale/images/hero_large_2x.jpg
ch,Freie Strasse,1,https://www.apple.com/chfr/retail/freiestrasse/images/hero_large_2x.jpg
ch,Glattzentrum,1,https://www.apple.com/chfr/retail/glattzentrum/images/hero_large_2x.jpg
ch,Rennweg,1,https://www.apple.com/chfr/retail/rennweg/images/hero_large_2x.jpg
ch,Rue de Rive,1,https://www.apple.com/chfr/retail/ruederive/images/hero_large_2x.jpg
cn,Center 66 Wuxi,1,https://www.apple.com/cn/retail/center66wuxi/images/hero_large_2x.jpg
cn,Chaoyang Joy City,1,https://www.apple.com/cn/retail/chaoyangjoycity/images/hero_large_2x.jpg
cn,China Central Mall,1,https://www.apple.com/cn/retail/chinacentralmall/images/hero_large_2x.jpg
cn,Global Harbor,1,https://www.apple.com/cn/retail/globalharbor/images/hero_large_2x.jpg
cn,Holiday Plaza Shenzhen,1,https://www.apple.com/cn/retail/holidayplazashenzhen/images/hero_large_2x.jpg
cn,Hong Kong Plaza,1,https://www.apple.com/cn/retail/hongkongplaza/images/hero_large_2x.jpg
cn,Jiefangbei,1,https://www.apple.com/cn/retail/jiefangbei/images/hero_large_2x.jpg
cn,Jiefangbei,2,https://www.apple.comhttps://images.apple.com/cn/retail/store/images/galleries/jiefangbei/images/jiefangbei_gallery_image2_large_2x.jpg
cn,Jiefangbei,3,https://www.apple.comhttps://images.apple.com/cn/retail/store/images/galleries/jiefangbei/images/jiefangbei_gallery_image3_large_2x.jpg
cn,Jiefangbei,4,https://www.apple.comhttps://images.apple.com/cn/retail/store/images/galleries/jiefangbei/images/jiefangbei_gallery_image4_large_2x.jpg
cn,Jiefangbei,5,https://www.apple.comhttps://images.apple.com/cn/retail/store/images/galleries/jiefangbei/images/jiefangbei_gallery_image5_large_2x.jpg
cn,Jiefangbei,6,https://www.apple.comhttps://images.apple.com/cn/retail/store/images/galleries/jiefangbei/images/jiefangbei_gallery_image6_large_2x.jpg
cn,Jiefangbei,7,https://www.apple.comhttps://images.apple.com/cn/retail/store/images/galleries/jiefangbei/images/jiefangbei_gallery_image7_large_2x.jpg
cn,Jiefangbei,8,https://www.apple.comhttps://images.apple.com/cn/retail/store/images/galleries/jiefangbei/images/jiefangbei_gallery_image8_large_2x.jpg
cn,Kunming,1,https://www.apple.com/cn/retail/kunming/images/hero_large_2x.jpg
cn,MixC Chengdu,1,https://www.apple.com/cn/retail/mixcchengdu/images/hero_large_2x.jpg
cn,MixC Chongqing,1,https://www.apple.com/cn/retail/mixcchongqing/images/hero_large_2x.jpg
cn,MixC Hangzhou,1,https://www.apple.com/cn/retail/mixchangzhou/images/hero_large_2x.jpg
cn,MixC Nanning,1,https://www.apple.com/cn/retail/mixcnanning/images/hero_large_2x.jpg
cn,MixC Qingdao,1,https://www.apple.com/cn/retail/mixcqingdao/images/hero_large_2x.jpg
cn,MixC Shenyang,1,https://www.apple.com/cn/retail/mixcshenyang/images/hero_large_2x.jpg
cn,MixC Tianjin,1,https://www.apple.com/cn/retail/mixctianjin/images/hero_large_2x.jpg
cn,MixC Zhengzhou,1,https://www.apple.com/cn/retail/mixczhengzhou/images/hero_large_2x.jpg
cn,Nanjing East,1,https://www.apple.com/cn/retail/nanjingeast/images/hero_large_2x.jpg
cn,Nanjing East,2,https://www.apple.comhttps://images.apple.com/cn/retail/store/images/galleries/nanjingeast/images/nanjingeast_gallery_image2_large_2x.jpg
cn,Nanjing East,3,https://www.apple.comhttps://images.apple.com/cn/retail/store/images/galleries/nanjingeast/images/nanjingeast_gallery_image3_large_2x.jpg
cn,Nanjing East,4,https://www.apple.comhttps://images.apple.com/cn/retail/store/images/galleries/nanjingeast/images/nanjingeast_gallery_image4_large_2x.jpg
cn,Nanjing East,5,https://www.apple.comhttps://images.apple.com/cn/retail/store/images/galleries/nanjingeast/images/nanjingeast_gallery_image5_large_2x.jpg
cn,Nanjing East,6,https://www.apple.comhttps://images.apple.com/cn/retail/store/images/galleries/nanjingeast/images/nanjingeast_gallery_image6_large_2x.jpg
cn,Nanjing East,7,https://www.apple.comhttps://images.apple.com/cn/retail/store/images/galleries/nanjingeast/images/nanjingeast_gallery_image7_large_2x.jpg
cn,Nanjing East,8,https://www.apple.comhttps://images.apple.com/cn/retail/store/images/galleries/nanjingeast/images/nanjingeast_gallery_image8_large_2x.jpg
cn,Nanjing IST,1,https://www.apple.com/cn/retail/nanjingist/images/hero_large_2x.jpg
cn,Nanjing Jinmao Place,1,https://www.apple.com/cn/retail/nanjingjinmaoplace/images/hero_large_2x.jpg
cn,Olympia 66 Dalian,1,https://www.apple.com/cn/retail/olympia66dalian/images/hero_large_2x.jpg
cn,Paradise Walk Chongqing,1,https://www.apple.com/cn/retail/paradisewalkchongqing/images/hero_large_2x.jpg
cn,Parc 66 Jinan,1,https://www.apple.com/cn/retail/parc66jinan/images/hero_large_2x.jpg
cn,Parc Central,1,https://www.apple.com/cn/retail/parccentral/images/hero_large_2x.jpg
cn,Parkland,1,https://www.apple.com/cn/retail/parkland/images/hero_large_2x.jpg
cn,Pudong,1,https://www.apple.com/cn/retail/pudong/images/hero_large_2x.jpg
cn,Pudong,2,https://www.apple.comhttps://images.apple.com/cn/retail/store/images/galleries/pudong/images/pudong_gallery_image2_large_2x.jpg
cn,Pudong,3,https://www.apple.comhttps://images.apple.com/cn/retail/store/images/galleries/pudong/images/pudong_gallery_image3_large_2x.jpg
cn,Pudong,4,https://www.apple.comhttps://images.apple.com/cn/retail/store/images/galleries/pudong/images/pudong_gallery_image4_large_2x.jpg
cn,Pudong,5,https://www.apple.comhttps://images.apple.com/cn/retail/store/images/galleries/pudong/images/pudong_gallery_image5_large_2x.jpg
cn,Pudong,6,https://www.apple.comhttps://images.apple.com/cn/retail/store/images/galleries/pudong/images/pudong_gallery_image6_large_2x.jpg
cn,Pudong,7,https://www.apple.comhttps://images.apple.com/cn/retail/store/images/galleries/pudong/images/pudong_gallery_image7_large_2x.jpg
cn,Pudong,8,https://www.apple.comhttps://images.apple.com/cn/retail/store/images/galleries/pudong/images/pudong_gallery_image8_large_2x.jpg
cn,Qibao,1,https://www.apple.com/cn/retail/qibao/images/hero_large_2x.jpg
cn,Riverside 66 Tianjin,1,https://www.apple.com/cn/retail/riverside66tianjin/images/hero_large_2x.jpg
cn,Sanlitun,1,https://www.apple.com/cn/retail/sanlitun/images/hero_large_2x.jpg
cn,Sanlitun,2,https://www.apple.comhttps://images.apple.com/cn/retail/store/images/galleries/sanlitun/images/sanlitun_gallery_image2_large_2x.jpg
cn,Sanlitun,3,https://www.apple.comhttps://images.apple.com/cn/retail/store/images/galleries/sanlitun/images/sanlitun_gallery_image3_large_2x.jpg
cn,Sanlitun,4,https://www.apple.comhttps://images.apple.com/cn/retail/store/images/galleries/sanlitun/images/sanlitun_gallery_image4_large_2x.jpg
cn,Sanlitun,5,https://www.apple.comhttps://images.apple.com/cn/retail/store/images/galleries/sanlitun/images/sanlitun_gallery_image5_large_2x.jpg
cn,Sanlitun,6,https://www.apple.comhttps://images.apple.com/cn/retail/store/images/galleries/sanlitun/images/sanlitun_gallery_image6_large_2x.jpg
cn,Shanghai iapm,1,https://www.apple.com/cn/retail/shanghaiiapm/images/hero_large_2x.jpg
cn,Suzhou,1,https://www.apple.com/cn/retail/suzhou/images/hero_large_2x.jpg
cn,Tahoe Plaza,1,https://www.apple.com/cn/retail/tahoeplaza/images/hero_large_2x.jpg
cn,Taikoo Li Chengdu,1,https://www.apple.com/cn/retail/taikoolichengdu/images/hero_large_2x.jpg
cn,Tianjin Joy City,1,https://www.apple.com/cn/retail/tianjinjoycity/images/hero_large_2x.jpg
cn,Tianyi Square,1,https://www.apple.com/cn/retail/tianyisquare/images/hero_large_2x.jpg
cn,Wangfujing,1,https://www.apple.com/cn/retail/wangfujing/images/hero_large_2x.jpg
cn,West Lake,1,https://www.apple.com/cn/retail/westlake/images/hero_large_2x.jpg
cn,West Lake,2,https://www.apple.comhttps://images.apple.com/cn/retail/store/images/galleries/westlake/images/westlake_gallery_image2_large_2x.jpg
cn,West Lake,3,https://www.apple.comhttps://images.apple.com/cn/retail/store/images/galleries/westlake/images/westlake_gallery_image3_large_2x.jpg
cn,West Lake,4,https://www.apple.comhttps://images.apple.com/cn/retail/store/images/galleries/westlake/images/westlake_gallery_image4_large_2x.jpg
cn,West Lake,5,https://www.apple.comhttps://images.apple.com/cn/retail/store/images/galleries/westlake/images/westlake_gallery_image5_large_2x.jpg
cn,West Lake,6,https://www.apple.comhttps://images.apple.com/cn/retail/store/images/galleries/westlake/images/westlake_gallery_image6_large_2x.jpg
cn,West Lake,7,https://www.apple.comhttps://images.apple.com/cn/retail/store/images/galleries/westlake/images/westlake_gallery_image7_large_2x.jpg
cn,West Lake,8,https://www.apple.comhttps://images.apple.com/cn/retail/store/images/galleries/westlake/images/westlake_gallery_image8_large_2x.jpg
cn,Wonder City,1,https://www.apple.com/cn/retail/wondercity/images/hero_large_2x.jpg
cn,Wujiaochang,1,https://www.apple.com/cn/retail/wujiaochang/images/hero_large_2x.jpg
cn,Xiamen Lifestyle Center,1,https://www.apple.com/cn/retail/xiamenlifestylecenter/images/hero_large_2x.jpg
cn,Xidan Joy City,1,https://www.apple.com/cn/retail/xidanjoycity/images/hero_large_2x.jpg
cn,Zhongjie Joy City,1,https://www.apple.com/cn/retail/zhongjiejoycity/images/hero_large_2x.jpg
cn,Zhujiang New Town,1,https://www.apple.com/cn/retail/zhujiangnewtown/images/hero_large_2x.jpg
de,Alstertal,1,https://www.apple.com/de/retail/alstertal/images/hero_large_2x.jpg
de,Altmarkt-Galerie,1,https://www.apple.com/de/retail/altmarkt-galerie/images/hero_large_2x.jpg
de,CentrO,1,https://www.apple.com/de/retail/centro/images/hero_large_2x.jpg
de,City-Galerie,1,https://www.apple.com/de/retail/city-galerie/images/hero_large_2x.jpg
de,Düsseldorf,1,https://www.apple.com/de/retail/duesseldorf/images/hero_large_2x.jpg
de,Grosse Bockenheimer Strasse,1,https://www.apple.com/de/retail/grossebockenheimerstrasse/images/hero_large_2x.jpg
de,Hannover,1,https://www.apple.com/de/retail/hannover/images/hero_large_2x.jpg
de,Jungfernstieg,1,https://www.apple.com/de/retail/jungfernstieg/images/hero_large_2x.jpg
de,Jungfernstieg,2,
de,Jungfernstieg,3,
de,Jungfernstieg,4,
de,Jungfernstieg,5,
de,Jungfernstieg,6,
de,Jungfernstieg,7,
de,Jungfernstieg,8,
de,Jungfernstieg,9,
de,Jungfernstieg,10,
de,Kurfürstendamm,1,https://www.apple.com/de/retail/kurfuerstendamm/images/hero_large_2x.jpg
de,Kurfürstendamm,2,
de,Kurfürstendamm,3,
de,Kurfürstendamm,4,
de,Kurfürstendamm,5,
de,Kurfürstendamm,6,
de,Kurfürstendamm,7,
de,Kurfürstendamm,8,
de,Kurfürstendamm,9,
de,Kurfürstendamm,10,
de,MTZ,1,https://www.apple.com/de/retail/mtz/images/hero_large_2x.jpg
de,OEZ,1,https://www.apple.com/de/retail/oez/images/hero_large_2x.jpg
de,Rhein Center,1,https://www.apple.com/de/retail/rheincenter/images/hero_large_2x.jpg
de,Rosenstrasse,1,https://www.apple.com/de/retail/rosenstrasse/images/hero_large_2x.jpg
de,Rosenstrasse,2,
de,Rosenstrasse,3,
de,Rosenstrasse,4,
de,Rosenstrasse,5,
de,Schildergasse,1,https://www.apple.com/de/retail/schildergasse/images/hero_large_2x.jpg
de,Schildergasse,2,
de,Schildergasse,3,
de,Schildergasse,4,
de,Schildergasse,5,
de,Schildergasse,6,
de,Schildergasse,7,
de,Sindelfingen,1,https://www.apple.com/de/retail/sindelfingen/images/hero_large_2x.jpg
es,Calle Colón,1,https://www.apple.com/es/retail/callecolon/images/hero_large_2x.jpg
es,Gran Plaza 2,1,https://www.apple.com/es/retail/granplaza2/images/hero_large_2x.jpg
es,La Cañada,1,https://www.apple.com/es/retail/lacanada/images/hero_large_2x.jpg
es,La Maquinista,1,https://www.apple.com/es/retail/lamaquinista/images/hero_large_2x.jpg
es,Nueva Condomina,1,https://www.apple.com/es/retail/nuevacondomina/images/hero_large_2x.jpg
es,Parquesur,1,https://www.apple.com/es/retail/parquesur/images/hero_large_2x.jpg
es,Passeig de Gràcia,1,https://www.apple.com/es/retail/passeigdegracia/images/hero_large_2x.jpg
es,Passeig de Gràcia,2,
es,Passeig de Gràcia,3,
es,Passeig de Gràcia,4,
es,Passeig de Gràcia,5,
es,Passeig de Gràcia,6,
es,Puerta del Sol,1,https://www.apple.com/es/retail/puertadelsol/images/hero_large_2x.jpg
es,Puerta del Sol,2,
es,Puerta del Sol,3,
es,Puerta del Sol,4,
es,Puerta del Sol,5,
es,Puerto Venecia,1,https://www.apple.com/es/retail/puertovenecia/images/hero_large_2x.jpg
es,Río Shopping,1,https://www.apple.com/es/retail/rioshopping/images/hero_large_2x.jpg
es,Xanadú,1,https://www.apple.com/es/retail/xanadu/images/hero_large_2x.jpg
fr,Aix-en-Provence,1,https://www.apple.com/fr/retail/aix-en-provence/images/hero_large_2x.jpg
fr,Atlantis,1,https://www.apple.com/fr/retail/atlantis/images/hero_large_2x.jpg
fr,CAP 3000,1,https://www.apple.com/fr/retail/cap3000/images/hero_large_2x.jpg
fr,Carré Sénart,1,https://www.apple.com/fr/retail/carresenart/images/hero_large_2x.jpg
fr,Champs-Élysées,1,https://www.apple.com/fr/retail/champs-elysees/images/hero_large_2x.jpg
fr,Champs-Élysées,2,https://www.apple.com/fr/retail/store/includes/champs-elysees/drawer/images/store-drawer-tile-1_large_2x.jpg
fr,Champs-Élysées,3,https://www.apple.com/fr/retail/store/includes/champs-elysees/drawer/images/store-drawer-gallery-1-item-1_large_2x.jpg
fr,Champs-Élysées,4,https://www.apple.com/fr/retail/store/includes/champs-elysees/drawer/images/store-drawer-gallery-1-item-2_large_2x.jpg
fr,Champs-Élysées,5,https://www.apple.com/fr/retail/store/includes/champs-elysees/drawer/images/store-drawer-gallery-1-item-3_large_2x.jpg
fr,Champs-Élysées,6,https://www.apple.com/fr/retail/store/includes/champs-elysees/drawer/images/store-drawer-gallery-1-item-4_large_2x.jpg
fr,Champs-Élysées,7,https://www.apple.com/fr/retail/store/includes/champs-elysees/drawer/images/store-drawer-gallery-1-item-5_large_2x.jpg
fr,Champs-Élysées,8,https://www.apple.com/fr/retail/store/includes/champs-elysees/drawer/images/store-drawer-gallery-2-item-1_large_2x.jpg
fr,Champs-Élysées,9,https://www.apple.com/fr/retail/store/includes/champs-elysees/drawer/images/store-drawer-gallery-2-item-2_large_2x.jpg
fr,Champs-Élysées,10,https://www.apple.com/fr/retail/store/includes/champs-elysees/drawer/images/store-drawer-gallery-2-item-3_large_2x.jpg
fr,Champs-Élysées,11,https://www.apple.com/fr/retail/store/includes/champs-elysees/drawer/images/store-drawer-gallery-2-item-4_large_2x.jpg
fr,Champs-Élysées,12,https://www.apple.com/fr/retail/store/includes/champs-elysees/drawer/images/store-drawer-gallery-2-item-5_large_2x.jpg
fr,Confluence,1,https://www.apple.com/fr/retail/confluence/images/hero_large_2x.jpg
fr,La Toison d’Or,1,https://www.apple.com/fr/retail/latoisondor/images/hero_large_2x.jpg
fr,Les Quatre Temps,1,https://www.apple.com/fr/retail/lesquatretemps/images/hero_large_2x.jpg
fr,Lille,1,https://www.apple.com/fr/retail/lille/images/hero_large_2x.jpg
fr,Marché Saint-Germain,1,https://www.apple.com/fr/retail/marchesaintgermain/images/hero_large_2x.jpg
fr,Marseille,1,https://www.apple.com/fr/retail/marseille/images/hero_large_2x.jpg
fr,Odysseum,1,https://www.apple.com/fr/retail/odysseum/images/hero_large_2x.jpg
fr,Opéra,1,https://www.apple.com/fr/retail/opera/images/hero_large_2x.jpg
fr,Opéra,2,https://www.apple.com/fr/retail/store/galleries/opera/images/opera_gallery_image2_large_2x.jpg
fr,Opéra,3,https://www.apple.com/fr/retail/store/galleries/opera/images/opera_gallery_image3_large_2x.jpg
fr,Opéra,4,https://www.apple.com/fr/retail/store/galleries/opera/images/opera_gallery_image4_large_2x.jpg
fr,Opéra,5,https://www.apple.com/fr/retail/store/galleries/opera/images/opera_gallery_image5_large_2x.jpg
fr,Opéra,6,https://www.apple.com/fr/retail/store/galleries/opera/images/opera_gallery_image6_large_2x.jpg
fr,Opéra,7,https://www.apple.com/fr/retail/store/galleries/opera/images/opera_gallery_image7_large_2x.jpg
fr,Opéra,8,https://www.apple.com/fr/retail/store/galleries/opera/images/opera_gallery_image8_large_2x.jpg
fr,Opéra,9,https://www.apple.com/fr/retail/store/galleries/opera/images/opera_gallery_image9_large_2x.jpg
fr,Opéra,10,https://www.apple.com/fr/retail/store/galleries/opera/images/opera_gallery_image10_large_2x.jpg
fr,Parly 2,1,https://www.apple.com/fr/retail/parly2/images/hero_large_2x.jpg
fr,Part-Dieu,1,https://www.apple.com/fr/retail/part-dieu/images/hero_large_2x.jpg
fr,Rosny 2,1,https://www.apple.com/fr/retail/rosny2/images/hero_large_2x.jpg
fr,Sainte-Catherine,1,https://www.apple.com/fr/retail/sainte-catherine/images/hero_large_2x.jpg
fr,Strasbourg,1,https://www.apple.com/fr/retail/strasbourg/images/hero_large_2x.jpg
fr,Val d’Europe,1,https://www.apple.com/fr/retail/valdeurope/images/hero_large_2x.jpg
fr,Vélizy 2,1,https://www.apple.com/fr/retail/velizy2/images/hero_large_2x.jpg
hk,Canton Road,1,https://www.apple.com/hk/en/retail/cantonroad/images/hero_large_2x.jpg
hk,Causeway Bay,1,https://www.apple.com/hk/en/retail/causewaybay/images/hero_large_2x.jpg
hk,Festival Walk,1,https://www.apple.com/hk/en/retail/festivalwalk/images/hero_large_2x.jpg
hk,New Town Plaza,1,https://www.apple.com/hk/en/retail/newtownplaza/images/hero_large_2x.jpg
hk,apm Hong Kong,1,https://www.apple.com/hk/en/retail/apmhongkong/images/hero_large_2x.jpg
hk,ifc mall,1,https://www.apple.com/hk/en/retail/ifcmall/images/hero_large_2x.jpg
hk,ifc mall,2,https://www.apple.com/hk/en/retail/store/images/galleries/ifcmall/images/ifcmall_gallery_image2_large_2x.jpg
hk,ifc mall,3,https://www.apple.com/hk/en/retail/store/images/galleries/ifcmall/images/ifcmall_gallery_image3_large_2x.jpg
hk,ifc mall,4,https://www.apple.com/hk/en/retail/store/images/galleries/ifcmall/images/ifcmall_gallery_image4_large_2x.jpg
hk,ifc mall,5,https://www.apple.com/hk/en/retail/store/images/galleries/ifcmall/images/ifcmall_gallery_image5_large_2x.jpg
hk,ifc mall,6,https://www.apple.com/hk/en/retail/store/images/galleries/ifcmall/images/ifcmall_gallery_image6_large_2x.jpg
hk,ifc mall,7,https://www.apple.com/hk/en/retail/store/images/galleries/ifcmall/images/ifcmall_gallery_image7_large_2x.jpg
hk,ifc mall,8,https://www.apple.com/hk/en/retail/store/images/galleries/ifcmall/images/ifcmall_gallery_image8_large_2x.jpg
it,Campania,1,https://www.apple.com/it/retail/campania/images/hero_large_2x.jpg
it,Carosello,1,https://www.apple.com/it/retail/carosello/images/hero_large_2x.jpg
it,Centro Sicilia,1,https://www.apple.com/it/retail/centrosicilia/images/hero_large_2x.jpg
it,Euroma2,1,https://www.apple.com/it/retail/euroma2/images/hero_large_2x.jpg
it,Fiordaliso,1,https://www.apple.com/it/retail/fiordaliso/images/hero_large_2x.jpg
it,Firenze,1,https://www.apple.com/it/retail/firenze/images/hero_large_2x.jpg
it,I Gigli,1,https://www.apple.com/it/retail/igigli/images/hero_large_2x.jpg
it,Le Befane,1,https://www.apple.com/it/retail/lebefane/images/hero_large_2x.jpg
it,Le Gru,1,https://www.apple.com/it/retail/legru/images/hero_large_2x.jpg
it,Nave de Vero,1,https://www.apple.com/it/retail/navedevero/images/hero_large_2x.jpg
it,Oriocenter,1,https://www.apple.com/it/retail/oriocenter/images/hero_large_2x.jpg
it,Piazza Liberty,1,https://www.apple.com/it/retail/piazzaliberty/images/hero_large_2x.jpg
it,Piazza Liberty,2,https://www.apple.com/it/retail/store/includes/piazzaliberty/drawer/images/store-drawer-tile-1_large_2x.jpg
it,Piazza Liberty,3,https://www.apple.com/it/retail/store/includes/piazzaliberty/drawer/images/store-drawer-gallery-1-item-1_large_2x.jpg
it,Piazza Liberty,4,https://www.apple.com/it/retail/store/includes/piazzaliberty/drawer/images/store-drawer-gallery-1-item-2_large_2x.jpg
it,Piazza Liberty,5,https://www.apple.com/it/retail/store/includes/piazzaliberty/drawer/images/store-drawer-gallery-1-item-3_large_2x.jpg
it,Piazza Liberty,6,https://www.apple.com/it/retail/store/includes/piazzaliberty/drawer/images/store-drawer-gallery-1-item-4_large_2x.jpg
it,Piazza Liberty,7,https://www.apple.com/it/retail/store/includes/piazzaliberty/drawer/images/store-drawer-gallery-2-item-1_large_2x.jpg
it,Piazza Liberty,8,https://www.apple.com/it/retail/store/includes/piazzaliberty/drawer/images/store-drawer-gallery-2-item-2_large_2x.jpg
it,Piazza Liberty,9,https://www.apple.com/it/retail/store/includes/piazzaliberty/drawer/images/store-drawer-gallery-2-item-3_large_2x.jpg
it,Piazza Liberty,10,https://www.apple.com/it/retail/store/includes/piazzaliberty/drawer/images/store-drawer-gallery-2-item-4_large_2x.jpg
it,Porta di Roma,1,https://www.apple.com/it/retail/portadiroma/images/hero_large_2x.jpg
it,RomaEst,1,https://www.apple.com/it/retail/romaest/images/hero_large_2x.jpg
it,Via Rizzoli,1,https://www.apple.com/it/retail/viarizzoli/images/hero_large_2x.jpg
it,Via Roma,1,https://www.apple.com/it/retail/viaroma/images/hero_large_2x.jpg
it,il Leone,1,https://www.apple.com/it/retail/illeone/images/hero_large_2x.jpg
jp,Fukuoka,1,https://www.apple.com/jp/retail/fukuoka/images/hero_large_2x.jpg
jp,Fukuoka,2,https://www.apple.com/jp/retail/store/images/galleries/fukuoka/images/fukuoka_gallery_image2_large_2x.jpg
jp,Fukuoka,3,https://www.apple.com/jp/retail/store/images/galleries/fukuoka/images/fukuoka_gallery_image3_large_2x.jpg
jp,Fukuoka,4,https://www.apple.com/jp/retail/store/images/galleries/fukuoka/images/fukuoka_gallery_image4_large_2x.jpg
jp,Fukuoka,5,https://www.apple.com/jp/retail/store/images/galleries/fukuoka/images/fukuoka_gallery_image5_large_2x.jpg
jp,Fukuoka,6,https://www.apple.com/jp/retail/store/images/galleries/fukuoka/images/fukuoka_gallery_image6_large_2x.jpg
jp,Ginza,1,https://www.apple.com/jp/retail/ginza/images/hero_large_2x.jpg
jp,Kawasaki,1,https://www.apple.com/jp/retail/kawasaki/images/hero_large_2x.jpg
jp,Kyoto,1,https://www.apple.com/jp/retail/kyoto/images/hero_large_2x.jpg
jp,Marunouchi,1,https://www.apple.com/jp/retail/marunouchi/images/hero_large_2x.jpg
jp,Marunouchi,2,https://www.apple.com/jp/retail/store/includes/marunouchi/drawer/images/store-drawer-tile-1_large_2x.jpg
jp,Marunouchi,3,https://www.apple.com/jp/retail/store/includes/marunouchi/drawer/images/store-drawer-gallery-1-item-1_large_2x.jpg
jp,Marunouchi,4,https://www.apple.com/jp/retail/store/includes/marunouchi/drawer/images/store-drawer-gallery-1-item-2_large_2x.jpg
jp,Marunouchi,5,https://www.apple.com/jp/retail/store/includes/marunouchi/drawer/images/store-drawer-gallery-1-item-3_large_2x.jpg
jp,Marunouchi,6,https://www.apple.com/jp/retail/store/includes/marunouchi/drawer/images/store-drawer-gallery-2-item-1_large_2x.jpg
jp,Marunouchi,7,https://www.apple.com/jp/retail/store/includes/marunouchi/drawer/images/store-drawer-gallery-2-item-2_large_2x.jpg
jp,Marunouchi,8,https://www.apple.com/jp/retail/store/includes/marunouchi/drawer/images/store-drawer-gallery-2-item-3_large_2x.jpg
jp,Marunouchi,9,https://www.apple.com/jp/retail/store/includes/marunouchi/drawer/images/store-drawer-gallery-2-item-4_large_2x.jpg
jp,Nagoya Sakae,1,https://www.apple.com/jp/retail/nagoyasakae/images/hero_large_2x.jpg
jp,Omotesando,1,https://www.apple.com/jp/retail/omotesando/images/hero_large_2x.jpg
jp,Omotesando,2,https://www.apple.com/jp/retail/store/images/galleries/omotesando/images/omotesando_gallery_image2_large_2x.jpg
jp,Omotesando,3,https://www.apple.com/jp/retail/store/images/galleries/omotesando/images/omotesando_gallery_image3_large_2x.jpg
jp,Omotesando,4,https://www.apple.com/jp/retail/store/images/galleries/omotesando/images/omotesando_gallery_image4_large_2x.jpg
jp,Omotesando,5,https://www.apple.com/jp/retail/store/images/galleries/omotesando/images/omotesando_gallery_image5_large_2x.jpg
jp,Shibuya,1,https://www.apple.com/jp/retail/shibuya/images/hero_large_2x.jpg
jp,Shinjuku,1,https://www.apple.com/jp/retail/shinjuku/images/hero_large_2x.jpg
jp,Shinsaibashi,1,https://www.apple.com/jp/retail/shinsaibashi/images/hero_large_2x.jpg
kr,Garosugil,1,https://www.apple.com/kr/retail/garosugil/images/hero_large_2x.jpg
mo,Cotai Central,1,https://www.apple.com/mo/retail/cotaicentral/images/hero_large_2x.jpg
mo,Galaxy Macau,1,https://www.apple.com/mo/retail/galaxymacau/images/hero_large_2x.jpg
mx,Antara,1,https://www.apple.com/mx/retail/antara/images/hero_large_2x.jpg
mx,Antara,2,https://www.apple.com/mx/retail/store/images/galleries/antara/images/antara_gallery_image2_large_2x.jpg
mx,Antara,3,https://www.apple.com/mx/retail/store/images/galleries/antara/images/antara_gallery_image3_large_2x.jpg
mx,Antara,4,https://www.apple.com/mx/retail/store/images/galleries/antara/images/antara_gallery_image4_large_2x.jpg
mx,Vía Santa Fe,1,https://www.apple.com/mx/retail/viasantafe/images/hero_large_2x.jpg
nl,Amsterdam,1,https://www.apple.com/nl/retail/amsterdam/images/hero_large_2x.jpg
nl,Amsterdam,2,
nl,Amsterdam,3,
nl,Amsterdam,4,
nl,Amsterdam,5,
nl,Den Haag,1,https://www.apple.com/nl/retail/denhaag/images/hero_large_2x.jpg
nl,Haarlem,1,https://www.apple.com/nl/retail/haarlem/images/hero_large_2x.jpg
se,Emporia,1,https://www.apple.com/se/retail/emporia/images/hero_large_2x.jpg
se,Täby Centrum,1,https://www.apple.com/se/retail/tabycentrum/images/hero_large_2x.jpg
se,Väla Centrum,1,https://www.apple.com/se/retail/valacentrum/images/hero_large_2x.jpg
sg,Jewel Changi Airport,1,https://www.apple.com/sg/retail/jewelchangiairport/images/hero_large_2x.jpg
sg,Orchard Road,1,https://www.apple.com/sg/retail/orchardroad/images/hero_large_2x.jpg
th,Iconsiam,1,https://www.apple.com/th/retail/iconsiam/images/hero_large_2x.jpg
tr,Akasya,1,https://www.apple.com/tr/retail/akasya/images/hero_large_2x.jpg
tr,Zorlu Center,1,https://www.apple.com/tr/retail/zorlucenter/images/hero_large_2x.jpg
tr,Zorlu Center,2,
tr,Zorlu Center,3,
tr,Zorlu Center,4,
tr,Zorlu Center,5,
tr,Zorlu Center,6,
tw,Taipei 101,1,https://www.apple.com/tw/retail/taipei101/images/hero_large_2x.jpg
tw,Xinyi A13,1,https://www.apple.com/tw/retail/xinyia13/images/hero_large_2x.jpg
uk,Bentall Centre,1,https://www.apple.com/uk/retail/bentallcentre/images/hero_large_2x.jpg
uk,Birmingham,1,https://www.apple.com/uk/retail/birmingham/images/hero_large_2x.jpg
uk,Bluewater,1,https://www.apple.com/uk/retail/bluewater/images/hero_large_2x.jpg
uk,Braehead,1,https://www.apple.com/uk/retail/braehead/images/hero_large_2x.jpg
uk,Brent Cross,1,https://www.apple.com/uk/retail/brentcross/images/hero_large_2x.jpg
uk,Bromley,1,https://www.apple.com/uk/retail/bromley/images/hero_large_2x.jpg
uk,Buchanan Street,1,https://www.apple.com/uk/retail/buchananstreet/images/hero_large_2x.jpg
uk,Cabot Circus,1,https://www.apple.com/uk/retail/cabotcircus/images/hero_large_2x.jpg
uk,Chapelfield,1,https://www.apple.com/uk/retail/chapelfield/images/hero_large_2x.jpg
uk,Churchill Square,1,https://www.apple.com/uk/retail/churchillsquare/images/hero_large_2x.jpg
uk,Covent Garden,1,https://www.apple.com/uk/retail/coventgarden/images/hero_large_2x.jpg
uk,Covent Garden,2,
uk,Covent Garden,3,
uk,Covent Garden,4,
uk,Covent Garden,5,
uk,Covent Garden,6,
uk,Cribbs Causeway,1,https://www.apple.com/uk/retail/cribbscauseway/images/hero_large_2x.jpg
uk,Drake Circus,1,https://www.apple.com/uk/retail/drakecircus/images/hero_large_2x.jpg
uk,Eldon Square,1,https://www.apple.com/uk/retail/eldonsquare/images/hero_large_2x.jpg
uk,Festival Place,1,https://www.apple.com/uk/retail/festivalplace/images/hero_large_2x.jpg
uk,Grand Arcade,1,https://www.apple.com/uk/retail/grandarcade/images/hero_large_2x.jpg
uk,Highcross,1,https://www.apple.com/uk/retail/highcross/images/hero_large_2x.jpg
uk,Lakeside,1,https://www.apple.com/uk/retail/lakeside/images/hero_large_2x.jpg
uk,Liverpool,1,https://www.apple.com/uk/retail/liverpool/images/hero_large_2x.jpg
uk,Manchester Arndale,1,https://www.apple.com/uk/retail/manchesterarndale/images/hero_large_2x.jpg
uk,Meadowhall,1,https://www.apple.com/uk/retail/meadowhall/images/hero_large_2x.jpg
uk,Metrocentre,1,https://www.apple.com/uk/retail/metrocentre/images/hero_large_2x.jpg
uk,Milton Keynes,1,https://www.apple.com/uk/retail/miltonkeynes/images/hero_large_2x.jpg
uk,Princes Street,1,https://www.apple.com/uk/retail/princesstreet/images/hero_large_2x.jpg
uk,Princesshay,1,https://www.apple.com/uk/retail/princesshay/images/hero_large_2x.jpg
uk,Regent Street,1,https://www.apple.com/uk/retail/regentstreet/images/hero_large_2x.jpg
uk,Regent Street,2,
uk,Regent Street,3,
uk,Regent Street,4,
uk,Regent Street,5,
uk,Regent Street,6,
uk,Regent Street,7,
uk,Regent Street,8,
uk,SouthGate,1,https://www.apple.com/uk/retail/southgate/images/hero_large_2x.jpg
uk,Southampton,1,https://www.apple.com/uk/retail/southampton/images/hero_large_2x.jpg
uk,St David’s 2,1,https://www.apple.com/uk/retail/stdavids2/images/hero_large_2x.jpg
uk,Stratford City,1,https://www.apple.com/uk/retail/stratfordcity/images/hero_large_2x.jpg
uk,The Oracle,1,https://www.apple.com/uk/retail/theoracle/images/hero_large_2x.jpg
uk,Touchwood Centre,1,https://www.apple.com/uk/retail/touchwoodcentre/images/hero_large_2x.jpg
uk,Trafford Centre,1,https://www.apple.com/uk/retail/traffordcentre/images/hero_large_2x.jpg
uk,Trinity Leeds,1,https://www.apple.com/uk/retail/trinityleeds/images/hero_large_2x.jpg
uk,Union Square,1,https://www.apple.com/uk/retail/unionsquare/images/hero_large_2x.jpg
uk,Victoria Square,1,https://www.apple.com/uk/retail/victoriasquare/images/hero_large_2x.jpg
uk,Watford,1,https://www.apple.com/uk/retail/watford/images/hero_large_2x.jpg
uk,White City,1,https://www.apple.com/uk/retail/whitecity/images/hero_large_2x.jpg
us,4th Street,1,https://www.apple.com/retail/4thstreet/images/hero_large_2x.jpg
us,ABQ Uptown,1,https://www.apple.com/retail/abquptown/images/hero_large_2x.jpg
us,Ala Moana,1,https://www.apple.com/retail/alamoana/images/hero_large_2x.jpg
us,Alderwood,1,https://www.apple.com/retail/alderwood/images/hero_large_2x.jpg
us,Altamonte,1,https://www.apple.com/retail/altamonte/images/hero_large_2x.jpg
us,Anchorage 5th Avenue Mall,1,https://www.apple.com/retail/anchorage5thavenuemall/images/hero_large_2x.jpg
us,Annapolis,1,https://www.apple.com/retail/annapolis/images/hero_large_2x.jpg
us,Apple Park Visitor Center,1,https://www.apple.com/retail/appleparkvisitorcenter/images/hero_large_2x.jpg
us,Apple Park Visitor Center,2,https://www.apple.com/retail/store/flagship-store/drawer/appleparkvisitorcenter/images/store-drawer-tile-1_large_2x.jpg
us,Apple Park Visitor Center,3,https://www.apple.com/retail/store/flagship-store/drawer/appleparkvisitorcenter/images/store-drawer-tile-2_large_2x.jpg
us,Apple Park Visitor Center,4,https://www.apple.com/retail/store/flagship-store/drawer/appleparkvisitorcenter/images/store-drawer-tile-3_large_2x.jpg
us,Apple Park Visitor Center,5,https://www.apple.com/retail/store/flagship-store/drawer/appleparkvisitorcenter/images/store-drawer-tile-4_large_2x.jpg
us,Arden Fair,1,https://www.apple.com/retail/ardenfair/images/hero_large_2x.jpg
us,Arrowhead,1,https://www.apple.com/retail/arrowhead/images/hero_large_2x.jpg
us,Aspen Grove,1,https://www.apple.com/retail/aspengrove/images/hero_large_2x.jpg
us,Augusta,1,https://www.apple.com/retail/augusta/images/hero_large_2x.jpg
us,Avalon,1,https://www.apple.com/retail/avalon/images/hero_large_2x.jpg
us,Aventura,1,https://www.apple.com/retail/aventura/images/hero_large_2x.jpg
us,Aventura,2,https://www.apple.com/retail/store/images/galleries/aventura/images/aventura_gallery_image2_large_2x.jpg
us,Aventura,3,https://www.apple.com/retail/store/images/galleries/aventura/images/aventura_gallery_image3_large_2x.jpg
us,Aventura,4,https://www.apple.com/retail/store/images/galleries/aventura/images/aventura_gallery_image4_large_2x.jpg
us,Aventura,5,https://www.apple.com/retail/store/images/galleries/aventura/images/aventura_gallery_image5_large_2x.jpg
us,Aventura,6,https://www.apple.com/retail/store/images/galleries/aventura/images/aventura_gallery_image6_large_2x.jpg
us,Aventura,7,https://www.apple.com/retail/store/images/galleries/aventura/images/aventura_gallery_image7_large_2x.jpg
us,Aventura,8,https://www.apple.com/retail/store/images/galleries/aventura/images/aventura_gallery_image8_large_2x.jpg
us,Barton Creek,1,https://www.apple.com/retail/bartoncreek/images/hero_large_2x.jpg
us,Bay Street,1,https://www.apple.com/retail/baystreet/images/hero_large_2x.jpg
us,Baybrook,1,https://www.apple.com/retail/baybrook/images/hero_large_2x.jpg
us,Bayshore,1,https://www.apple.com/retail/bayshore/images/hero_large_2x.jpg
us,Bellevue Square,1,https://www.apple.com/retail/bellevuesquare/images/hero_large_2x.jpg
us,Bethesda Row,1,https://www.apple.com/retail/bethesdarow/images/hero_large_2x.jpg
us,Beverly Center,1,https://www.apple.com/retail/beverlycenter/images/hero_large_2x.jpg
us,Boca Raton,1,https://www.apple.com/retail/bocaraton/images/hero_large_2x.jpg
us,Boise Towne Square,1,https://www.apple.com/retail/boisetownesquare/images/hero_large_2x.jpg
us,Boylston Street,1,https://www.apple.com/retail/boylstonstreet/images/hero_large_2x.jpg
us,Boylston Street,2,https://www.apple.com/retail/store/images/galleries/boylstonstreet/images/boylston_gallery_image2_large_2x.jpg
us,Boylston Street,3,https://www.apple.com/retail/store/images/galleries/boylstonstreet/images/boylston_gallery_image3_large_2x.jpg
us,Boylston Street,4,https://www.apple.com/retail/store/images/galleries/boylstonstreet/images/boylston_gallery_image4_large_2x.jpg
us,Boylston Street,5,https://www.apple.com/retail/store/images/galleries/boylstonstreet/images/boylston_gallery_image5_large_2x.jpg
us,Boylston Street,6,https://www.apple.com/retail/store/images/galleries/boylstonstreet/images/boylston_gallery_image6_large_2x.jpg
us,Brandon,1,https://www.apple.com/retail/brandon/images/hero_large_2x.jpg
us,Brea Mall,1,https://www.apple.com/retail/breamall/images/hero_large_2x.jpg
us,Briarwood,1,https://www.apple.com/retail/briarwood/images/hero_large_2x.jpg
us,Brickell City Centre,1,https://www.apple.com/retail/brickellcitycentre/images/hero_large_2x.jpg
us,Bridge Street,1,https://www.apple.com/retail/bridgestreet/images/hero_large_2x.jpg
us,Bridgeport Village,1,https://www.apple.com/retail/bridgeportvillage/images/hero_large_2x.jpg
us,Bridgewater,1,https://www.apple.com/retail/bridgewater/images/hero_large_2x.jpg
us,Broadway Plaza,1,https://www.apple.com/retail/broadwayplaza/images/hero_large_2x.jpg
us,Burlingame,1,https://www.apple.com/retail/burlingame/images/hero_large_2x.jpg
us,Burlington,1,https://www.apple.com/retail/burlington/images/hero_large_2x.jpg
us,CambridgeSide,1,https://www.apple.com/retail/cambridgeside/images/hero_large_2x.jpg
us,Carlsbad,1,https://www.apple.com/retail/carlsbad/images/hero_large_2x.jpg
us,Carnegie Library,1,https://www.apple.com/retail/carnegielibrary/images/hero_large_2x.jpg
us,Carnegie Library,2,https://www.apple.com/retail/store/flagship-store/drawer/carnegielibrary/images/store-drawer-tile-1_large_2x.jpg
us,Carnegie Library,3,https://www.apple.com/retail/store/flagship-store/drawer/carnegielibrary/images/store-drawer-gallery-1-item-1_large_2x.jpg
us,Carnegie Library,4,https://www.apple.com/retail/store/flagship-store/drawer/carnegielibrary/images/store-drawer-gallery-1-item-2_large_2x.jpg
us,Carnegie Library,5,https://www.apple.com/retail/store/flagship-store/drawer/carnegielibrary/images/store-drawer-gallery-1-item-3_large_2x.jpg
us,Carnegie Library,6,https://www.apple.com/retail/store/flagship-store/drawer/carnegielibrary/images/store-drawer-gallery-1-item-4_large_2x.jpg
us,Carnegie Library,7,https://www.apple.com/retail/store/flagship-store/drawer/carnegielibrary/images/store-drawer-gallery-1-item-5_large_2x.jpg
us,Carnegie Library,8,https://www.apple.com/retail/store/flagship-store/drawer/carnegielibrary/images/store-drawer-tile-2_large_2x.jpg
us,Century City,1,https://www.apple.com/retail/centurycity/images/hero_large_2x.jpg
us,Chandler Fashion Center,1,https://www.apple.com/retail/chandlerfashioncenter/images/hero_large_2x.jpg
us,Cherry Creek,1,https://www.apple.com/retail/cherrycreek/images/hero_large_2x.jpg
us,Cherry Hill,1,https://www.apple.com/retail/cherryhill/images/hero_large_2x.jpg
us,Chestnut Hill,1,https://www.apple.com/retail/chestnuthill/images/hero_large_2x.jpg
us,Chestnut Street,1,https://www.apple.com/retail/chestnutstreet/images/hero_large_2x.jpg
us,Christiana Mall,1,https://www.apple.com/retail/christianamall/images/hero_large_2x.jpg
us,Cielo Vista Mall,1,https://www.apple.com/retail/cielovistamall/images/hero_large_2x.jpg
us,City Creek Center,1,https://www.apple.com/retail/citycreekcenter/images/hero_large_2x.jpg
us,Clarendon,1,https://www.apple.com/retail/clarendon/images/hero_large_2x.jpg
us,Coconut Point,1,https://www.apple.com/retail/coconutpoint/images/hero_large_2x.jpg
us,Columbia,1,https://www.apple.com/retail/columbia/images/hero_large_2x.jpg
us,CoolSprings Galleria,1,https://www.apple.com/retail/coolspringsgalleria/images/hero_large_2x.jpg
us,Corte Madera,1,https://www.apple.com/retail/cortemadera/images/hero_large_2x.jpg
us,Country Club Plaza,1,https://www.apple.com/retail/countryclubplaza/images/hero_large_2x.jpg
us,Crabtree Valley Mall,1,https://www.apple.com/retail/crabtreevalleymall/images/map_large_2x.jpg
us,Crocker Park,1,https://www.apple.com/retail/crockerpark/images/hero_large_2x.jpg
us,Crossgates,1,https://www.apple.com/retail/crossgates/images/hero_large_2x.jpg
us,Cumberland Mall,1,https://www.apple.com/retail/cumberlandmall/images/hero_large_2x.jpg
us,Dadeland,1,https://www.apple.com/retail/dadeland/images/hero_large_2x.jpg
us,Danbury Fair Mall,1,https://www.apple.com/retail/danburyfairmall/images/hero_large_2x.jpg
us,Deer Park,1,https://www.apple.com/retail/deerpark/images/hero_large_2x.jpg
us,Del Monte,1,https://www.apple.com/retail/delmonte/images/hero_large_2x.jpg
us,Derby Street,1,https://www.apple.com/retail/derbystreet/images/hero_large_2x.jpg
us,Domain NORTHSIDE,1,https://www.apple.com/retail/domainnorthside/images/hero_large_2x.jpg
us,Downtown Brooklyn,1,https://www.apple.com/retail/downtownbrooklyn/images/hero_large_2x.jpg
us,Easton Town Center,1,https://www.apple.com/retail/eastontowncenter/images/hero_large_2x.jpg
us,Eastview,1,https://www.apple.com/retail/eastview/images/hero_large_2x.jpg
us,Eastwood Towne Center,1,https://www.apple.com/retail/eastwoodtownecenter/images/hero_large_2x.jpg
us,El Paseo Village,1,https://www.apple.com/retail/elpaseovillage/images/hero_large_2x.jpg
us,Eton,1,https://www.apple.com/retail/eton/images/hero_large_2x.jpg
us,Evergreen Walk,1,https://www.apple.com/retail/evergreenwalk/images/hero_large_2x.jpg
us,Fair Oaks,1,https://www.apple.com/retail/fairoaks/images/hero_large_2x.jpg
us,Fashion Fair,1,https://www.apple.com/retail/fashionfair/images/hero_large_2x.jpg
us,Fashion Island,1,https://www.apple.com/retail/fashionisland/images/hero_large_2x.jpg
us,Fashion Place,1,https://www.apple.com/retail/fashionplace/images/hero_large_2x.jpg
us,Fashion Show,1,https://www.apple.com/retail/fashionshow/images/hero_large_2x.jpg
us,Fashion Valley,1,https://www.apple.com/retail/fashionvalley/images/hero_large_2x.jpg
us,Fayette Mall,1,https://www.apple.com/retail/fayettemall/images/hero_large_2x.jpg
us,Fifth Avenue,1,https://www.apple.com/retail/fifthavenue/images/hero_large_2x.jpg
us,Fifth Avenue,2,https://www.apple.com/retail/store/flagship-store/drawer/fifthavenue/images/store-drawer-gallery-1-item-1_large_2x.jpg
us,Fifth Avenue,3,https://www.apple.com/retail/store/flagship-store/drawer/fifthavenue/images/store-drawer-gallery-1-item-2_large_2x.jpg
us,Fifth Avenue,4,https://www.apple.com/retail/store/flagship-store/drawer/fifthavenue/images/store-drawer-gallery-2-item-1_large_2x.jpg
us,Fifth Avenue,5,https://www.apple.com/retail/store/flagship-store/drawer/fifthavenue/images/store-drawer-gallery-2-item-2_large_2x.jpg
us,Fifth Avenue,6,https://www.apple.com/retail/store/flagship-store/drawer/fifthavenue/images/store-drawer-gallery-3-item-1_large_2x.jpg
us,Fifth Avenue,7,https://www.apple.com/retail/store/flagship-store/drawer/fifthavenue/images/store-drawer-gallery-3-item-2_large_2x.jpg
us,First Colony Mall,1,https://www.apple.com/retail/firstcolonymall/images/hero_large_2x.jpg
us,FlatIron Crossing,1,https://www.apple.com/retail/flatironcrossing/images/hero_large_2x.jpg
us,Florida Mall,1,https://www.apple.com/retail/floridamall/images/hero_large_2x.jpg
us,Franklin Park Mall,1,https://www.apple.com/retail/franklinparkmall/images/hero_large_2x.jpg
us,Freehold Raceway Mall,1,https://www.apple.com/retail/freeholdracewaymall/images/hero_large_2x.jpg
us,Friendly Center,1,https://www.apple.com/retail/friendlycenter/images/hero_large_2x.jpg
us,Galleria Dallas,1,https://www.apple.com/retail/galleriadallas/images/hero_large_2x.jpg
us,Garden State Plaza,1,https://www.apple.com/retail/gardenstateplaza/images/hero_large_2x.jpg
us,Georgetown,1,https://www.apple.com/retail/georgetown/images/hero_large_2x.jpg
us,Glendale Galleria,1,https://www.apple.com/retail/glendalegalleria/images/hero_large_2x.jpg
us,Grand Central,1,https://www.apple.com/retail/grandcentral/images/hero_large_2x.jpg
us,Grand Central,2,https://www.apple.com/retail/store/images/galleries/grandcentral/images/grandcentral_gallery_image2_large_2x.jpg
us,Grand Central,3,https://www.apple.com/retail/store/images/galleries/grandcentral/images/grandcentral_gallery_image3_large_2x.jpg
us,Grand Central,4,https://www.apple.com/retail/store/images/galleries/grandcentral/images/grandcentral_gallery_image4_large_2x.jpg
us,Grand Central,5,https://www.apple.com/retail/store/images/galleries/grandcentral/images/grandcentral_gallery_image5_large_2x.jpg
us,Grand Central,6,https://www.apple.com/retail/store/images/galleries/grandcentral/images/grandcentral_gallery_image6_large_2x.jpg
us,Green Hills,1,https://www.apple.com/retail/greenhills/images/hero_large_2x.jpg
us,Greenwich Avenue,1,https://www.apple.com/retail/greenwichavenue/images/hero_large_2x.jpg
us,Haywood Mall,1,https://www.apple.com/retail/haywoodmall/images/hero_large_2x.jpg
us,Highland Village,1,https://www.apple.com/retail/highlandvillage/images/hero_large_2x.jpg
us,Higuera Street,1,https://www.apple.com/retail/higuerastreet/images/hero_large_2x.jpg
us,Hilldale,1,https://www.apple.com/retail/hilldale/images/hero_large_2x.jpg
us,Hillsdale,1,https://www.apple.com/retail/hillsdale/images/hero_large_2x.jpg
us,Holyoke,1,https://www.apple.com/retail/holyoke/images/hero_large_2x.jpg
us,Houston Galleria,1,https://www.apple.com/retail/houstongalleria/images/hero_large_2x.jpg
us,Infinite Loop,1,https://www.apple.com/retail/infiniteloop/images/hero_large_2x.jpg
us,International Plaza,1,https://www.apple.com/retail/internationalplaza/images/hero_large_2x.jpg
us,Irvine Spectrum Center,1,https://www.apple.com/retail/irvinespectrumcenter/images/hero_large_2x.jpg
us,Jordan Creek,1,https://www.apple.com/retail/jordancreek/images/hero_large_2x.jpg
us,Kahala,1,https://www.apple.com/retail/kahala/images/hero_large_2x.jpg
us,Kenwood Towne Centre,1,https://www.apple.com/retail/kenwoodtownecentre/images/hero_large_2x.jpg
us,King Street,1,https://www.apple.com/retail/kingstreet/images/hero_large_2x.jpg
us,King of Prussia,1,https://www.apple.com/retail/kingofprussia/images/hero_large_2x.jpg
us,Knox Street,1,https://www.apple.com/retail/knoxstreet/images/hero_large_2x.jpg
us,La Cantera,1,https://www.apple.com/retail/lacantera/images/hero_large_2x.jpg
us,La Encantada,1,https://www.apple.com/retail/laencantada/images/hero_large_2x.jpg
us,Lakeside Shopping Center,1,https://www.apple.com/retail/lakesideshoppingcenter/images/hero_large_2x.jpg
us,Leawood,1,https://www.apple.com/retail/leawood/images/hero_large_2x.jpg
us,Legacy Place,1,https://www.apple.com/retail/legacyplace/images/hero_large_2x.jpg
us,Lehigh Valley,1,https://www.apple.com/retail/lehighvalley/images/hero_large_2x.jpg
us,Lenox Square,1,https://www.apple.com/retail/lenoxsquare/images/hero_large_2x.jpg
us,Lincoln Park,1,https://www.apple.com/retail/lincolnpark/images/hero_large_2x.jpg
us,Lincoln Park,2,https://www.apple.com/retail/store/images/galleries/lincolnpark/images/lincolnpark_gallery_image2_large_2x.jpg
us,Lincoln Park,3,https://www.apple.com/retail/store/images/galleries/lincolnpark/images/lincolnpark_gallery_image3_large_2x.jpg
us,Lincoln Park,4,https://www.apple.com/retail/store/images/galleries/lincolnpark/images/lincolnpark_gallery_image4_large_2x.jpg
us,Lincoln Road,1,https://www.apple.com/retail/lincolnroad/images/hero_large_2x.jpg
us,Los Cerritos,1,https://www.apple.com/retail/loscerritos/images/hero_large_2x.jpg
us,Los Gatos,1,https://www.apple.com/retail/losgatos/images/hero_large_2x.jpg
us,Lynnhaven Mall,1,https://www.apple.com/retail/lynnhavenmall/images/hero_large_2x.jpg
us,Main Place,1,https://www.apple.com/retail/mainplace/images/hero_large_2x.jpg
us,Maine Mall,1,https://www.apple.com/retail/mainemall/images/hero_large_2x.jpg
us,Mall of America,1,https://www.apple.com/retail/mallofamerica/images/hero_large_2x.jpg
us,Mall of Georgia,1,https://www.apple.com/retail/mallofgeorgia/images/hero_large_2x.jpg
us,Mall of Louisiana,1,https://www.apple.com/retail/malloflouisiana/images/hero_large_2x.jpg
us,Manhasset,1,https://www.apple.com/retail/manhasset/images/hero_large_2x.jpg
us,Manhattan Village,1,https://www.apple.com/retail/manhattanvillage/images/hero_large_2x.jpg
us,MarketStreet,1,https://www.apple.com/retail/marketstreet/images/hero_large_2x.jpg
us,Mayfair,1,https://www.apple.com/retail/mayfair/images/hero_large_2x.jpg
us,Memorial City,1,https://www.apple.com/retail/memorialcity/images/hero_large_2x.jpg
us,Menlo Park,1,https://www.apple.com/retail/menlopark/images/hero_large_2x.jpg
us,Michigan Avenue,1,https://www.apple.com/retail/michiganavenue/images/hero_large_2x.jpg
us,Michigan Avenue,2,https://www.apple.com/retail/store/flagship-store/drawer/michiganavenue/images/store-drawer-tile-1_large_2x.jpg
us,Michigan Avenue,3,https://www.apple.com/retail/store/flagship-store/drawer/michiganavenue/images/store-drawer-gallery-1-item-1_large_2x.jpg
us,Michigan Avenue,4,https://www.apple.com/retail/store/flagship-store/drawer/michiganavenue/images/store-drawer-gallery-1-item-2_large_2x.jpg
us,Michigan Avenue,5,https://www.apple.com/retail/store/flagship-store/drawer/michiganavenue/images/store-drawer-gallery-1-item-3_large_2x.jpg
us,Michigan Avenue,6,https://www.apple.com/retail/store/flagship-store/drawer/michiganavenue/images/store-drawer-gallery-1-item-4_large_2x.jpg
us,Michigan Avenue,7,https://www.apple.com/retail/store/flagship-store/drawer/michiganavenue/images/store-drawer-gallery-2-item-1_large_2x.jpg
us,Michigan Avenue,8,https://www.apple.com/retail/store/flagship-store/drawer/michiganavenue/images/store-drawer-gallery-2-item-2_large_2x.jpg
us,Michigan Avenue,9,https://www.apple.com/retail/store/flagship-store/drawer/michiganavenue/images/store-drawer-gallery-2-item-3_large_2x.jpg
us,Michigan Avenue,10,https://www.apple.com/retail/store/flagship-store/drawer/michiganavenue/images/store-drawer-gallery-2-item-4_large_2x.jpg
us,Millenia,1,https://www.apple.com/retail/millenia/images/hero_large_2x.jpg
us,Mission Viejo,1,https://www.apple.com/retail/missionviejo/images/hero_large_2x.jpg
us,Montgomery Mall,1,https://www.apple.com/retail/montgomerymall/images/hero_large_2x.jpg
us,Nanuet,1,https://www.apple.com/retail/nanuet/images/hero_large_2x.jpg
us,Natick,1,https://www.apple.com/retail/natick/images/hero_large_2x.jpg
us,New Haven,1,https://www.apple.com/retail/newhaven/images/hero_large_2x.jpg
us,North County,1,https://www.apple.com/retail/northcounty/images/hero_large_2x.jpg
us,North Star,1,https://www.apple.com/retail/northstar/images/hero_large_2x.jpg
us,NorthPark Center,1,https://www.apple.com/retail/northparkcenter/images/hero_large_2x.jpg
us,Northbrook,1,https://www.apple.com/retail/northbrook/images/hero_large_2x.jpg
us,Northlake Mall,1,https://www.apple.com/retail/northlakemall/images/hero_large_2x.jpg
us,Northridge,1,https://www.apple.com/retail/northridge/images/hero_large_2x.jpg
us,Oakbrook,1,https://www.apple.com/retail/oakbrook/images/hero_large_2x.jpg
us,Oakridge,1,https://www.apple.com/retail/oakridge/images/hero_large_2x.jpg
us,Old Orchard,1,https://www.apple.com/retail/oldorchard/images/hero_large_2x.jpg
us,Orland Square Mall,1,https://www.apple.com/retail/orlandsquaremall/images/hero_large_2x.jpg
us,Otay Ranch,1,https://www.apple.com/retail/otayranch/images/hero_large_2x.jpg
us,Oxmoor,1,https://www.apple.com/retail/oxmoor/images/hero_large_2x.jpg
us,Palo Alto,1,https://www.apple.com/retail/paloalto/images/hero_large_2x.jpg
us,Park City,1,https://www.apple.com/retail/parkcity/images/hero_large_2x.jpg
us,Park Meadows,1,https://www.apple.com/retail/parkmeadows/images/hero_large_2x.jpg
us,Partridge Creek,1,https://www.apple.com/retail/partridgecreek/images/hero_large_2x.jpg
us,Pasadena,1,https://www.apple.com/retail/pasadena/images/hero_large_2x.jpg
us,Penn Square,1,https://www.apple.com/retail/pennsquare/images/hero_large_2x.jpg
us,Pentagon City,1,https://www.apple.com/retail/pentagoncity/images/hero_large_2x.jpg
us,Perimeter,1,https://www.apple.com/retail/perimeter/images/hero_large_2x.jpg
us,Pheasant Lane,1,https://www.apple.com/retail/pheasantlane/images/hero_large_2x.jpg
us,Pioneer Place,1,https://www.apple.com/retail/pioneerplace/images/hero_large_2x.jpg
us,Polaris Fashion Place,1,https://www.apple.com/retail/polarisfashionplace/images/hero_large_2x.jpg
us,Potomac Town Center,1,https://www.apple.com/retail/potomactowncenter/images/hero_large_2x.jpg
us,Promenade Temecula,1,https://www.apple.com/retail/promenadetemecula/images/hero_large_2x.jpg
us,Providence Place,1,https://www.apple.com/retail/providenceplace/images/hero_large_2x.jpg
us,Quaker Bridge,1,https://www.apple.com/retail/quakerbridge/images/hero_large_2x.jpg
us,Queens Center,1,https://www.apple.com/retail/queenscenter/images/hero_large_2x.jpg
us,Renaissance at Colony Park,1,https://www.apple.com/retail/renaissanceatcolonypark/images/hero_large_2x.jpg
us,Reston,1,https://www.apple.com/retail/reston/images/hero_large_2x.jpg
us,Ridge Hill,1,https://www.apple.com/retail/ridgehill/images/hero_large_2x.jpg
us,Ridgedale,1,https://www.apple.com/retail/ridgedale/images/hero_large_2x.jpg
us,River Park Square,1,https://www.apple.com/retail/riverparksquare/images/hero_large_2x.jpg
us,Rockaway,1,https://www.apple.com/retail/rockaway/images/hero_large_2x.jpg
us,Rockingham Park,1,https://www.apple.com/retail/rockinghampark/images/hero_large_2x.jpg
us,Roosevelt Field,1,https://www.apple.com/retail/rooseveltfield/images/hero_large_2x.jpg
us,Rosedale Center,1,https://www.apple.com/retail/rosedalecenter/images/hero_large_2x.jpg
us,Roseville,1,https://www.apple.com/retail/roseville/images/hero_large_2x.jpg
us,Ross Park,1,https://www.apple.com/retail/rosspark/images/hero_large_2x.jpg
us,Royal Hawaiian,1,https://www.apple.com/retail/royalhawaiian/images/hero_large_2x.jpg
us,Saddle Creek,1,https://www.apple.com/retail/saddlecreek/images/hero_large_2x.jpg
us,Sagemore,1,https://www.apple.com/retail/sagemore/images/hero_large_2x.jpg
us,Saint Louis Galleria,1,https://www.apple.com/retail/saintlouisgalleria/images/hero_large_2x.jpg
us,SanTan Village,1,https://www.apple.com/retail/santanvillage/images/hero_large_2x.jpg
us,Santa Rosa Plaza,1,https://www.apple.com/retail/santarosaplaza/images/hero_large_2x.jpg
us,Scottsdale Fashion Square,1,https://www.apple.com/retail/scottsdalefashionsquare/images/hero_large_2x.jpg
us,Scottsdale Quarter,1,https://www.apple.com/retail/scottsdalequarter/images/hero_large_2x.jpg
us,Shadyside,1,https://www.apple.com/retail/shadyside/images/hero_large_2x.jpg
us,Sherman Oaks,1,https://www.apple.com/retail/shermanoaks/images/hero_large_2x.jpg
us,Short Hills,1,https://www.apple.com/retail/shorthills/images/hero_large_2x.jpg
us,Short Pump Town Center,1,https://www.apple.com/retail/shortpumptowncenter/images/hero_large_2x.jpg
us,Smith Haven,1,https://www.apple.com/retail/smithhaven/images/hero_large_2x.jpg
us,SoHo,1,https://www.apple.com/retail/soho/images/hero_large_2x.jpg
us,Solomon Pond Mall,1,https://www.apple.com/retail/solomonpondmall/images/hero_large_2x.jpg
us,Somerset,1,https://www.apple.com/retail/somerset/images/hero_large_2x.jpg
us,South Coast Plaza,1,https://www.apple.com/retail/southcoastplaza/images/hero_large_2x.jpg
us,South Hills Village,1,https://www.apple.com/retail/southhillsvillage/images/hero_large_2x.jpg
us,South Shore,1,https://www.apple.com/retail/southshore/images/hero_large_2x.jpg
us,SouthPark,1,https://www.apple.com/retail/southpark/images/hero_large_2x.jpg
us,Southcenter,1,https://www.apple.com/retail/southcenter/images/hero_large_2x.jpg
us,Southdale,1,https://www.apple.com/retail/southdale/images/hero_large_2x.jpg
us,Southlake Town Square,1,https://www.apple.com/retail/southlaketownsquare/images/hero_large_2x.jpg
us,Southpoint,1,https://www.apple.com/retail/southpoint/images/hero_large_2x.jpg
us,St. Johns Town Center,1,https://www.apple.com/retail/stjohnstowncenter/images/hero_large_2x.jpg
us,Stamford,1,https://www.apple.com/retail/stamford/images/hero_large_2x.jpg
us,Stanford Shopping Center,1,https://www.apple.com/retail/stanfordshoppingcenter/images/hero_large_2x.jpg
us,State Street,1,https://www.apple.com/retail/statestreet/images/hero_large_2x.jpg
us,Staten Island,1,https://www.apple.com/retail/statenisland/images/hero_large_2x.jpg
us,Station Park,1,https://www.apple.com/retail/stationpark/images/hero_large_2x.jpg
us,Stoneridge Mall,1,https://www.apple.com/retail/stoneridgemall/images/hero_large_2x.jpg
us,Stonestown,1,https://www.apple.com/retail/stonestown/images/hero_large_2x.jpg
us,Suburban Square,1,https://www.apple.com/retail/suburbansquare/images/hero_large_2x.jpg
us,Summerlin,1,https://www.apple.com/retail/summerlin/images/hero_large_2x.jpg
us,Summit Mall,1,https://www.apple.com/retail/summitmall/images/hero_large_2x.jpg
us,Summit Sierra,1,https://www.apple.com/retail/summitsierra/images/hero_large_2x.jpg
us,Syracuse,1,https://www.apple.com/retail/syracuse/images/hero_large_2x.jpg
us,Tacoma Mall,1,https://www.apple.com/retail/tacomamall/images/hero_large_2x.jpg
us,The Americana at Brand,1,https://www.apple.com/retail/theamericanaatbrand/images/hero_large_2x.jpg
us,The Falls,1,https://www.apple.com/retail/thefalls/images/hero_large_2x.jpg
us,The Fashion Mall at Keystone,1,https://www.apple.com/retail/thefashionmallatkeystone/images/hero_large_2x.jpg
us,The Forum Shops,1,https://www.apple.com/retail/theforumshops/images/hero_large_2x.jpg
us,The Galleria,1,https://www.apple.com/retail/thegalleria/images/hero_large_2x.jpg
us,The Gardens Mall,1,https://www.apple.com/retail/thegardensmall/images/hero_large_2x.jpg
us,The Greene,1,https://www.apple.com/retail/thegreene/images/hero_large_2x.jpg
us,The Grove,1,https://www.apple.com/retail/thegrove/images/hero_large_2x.jpg
us,The Mall of New Hampshire,1,https://www.apple.com/retail/themallofnewhampshire/images/hero_large_2x.jpg
us,The Oaks,1,https://www.apple.com/retail/theoaks/images/hero_large_2x.jpg
us,The Promenade Shops at Briargate,1,https://www.apple.com/retail/thepromenadeshopsatbriargate/images/hero_large_2x.jpg
us,The Promenade at Chenal,1,https://www.apple.com/retail/thepromenadeatchenal/images/hero_large_2x.jpg
us,The Summit,1,https://www.apple.com/retail/thesummit/images/hero_large_2x.jpg
us,The Westchester,1,https://www.apple.com/retail/thewestchester/images/hero_large_2x.jpg
us,The Woodlands,1,https://www.apple.com/retail/thewoodlands/images/hero_large_2x.jpg
us,Third Street Promenade,1,https://www.apple.com/retail/thirdstreetpromenade/images/hero_large_2x.jpg
us,Tice’s Corner,1,https://www.apple.com/retail/ticescorner/images/hero_large_2x.jpg
us,Topanga,1,https://www.apple.com/retail/topanga/images/hero_large_2x.jpg
us,Town Square,1,https://www.apple.com/retail/townsquare/images/hero_large_2x.jpg
us,Towson Town Center,1,https://www.apple.com/retail/towsontowncenter/images/hero_large_2x.jpg
us,Trumbull,1,https://www.apple.com/retail/trumbull/images/hero_large_2x.jpg
us,Twelve Oaks,1,https://www.apple.com/retail/twelveoaks/images/hero_large_2x.jpg
us,Twenty Ninth Street,1,https://www.apple.com/retail/twentyninthstreet/images/hero_large_2x.jpg
us,Tysons Corner,1,https://www.apple.com/retail/tysonscorner/images/hero_large_2x.jpg
us,UTC,1,https://www.apple.com/retail/utc/images/hero_large_2x.jpg
us,Union Square,1,https://www.apple.com/retail/unionsquare/images/hero_large_2x.jpg
us,Union Square,2,https://www.apple.com/retail/store/images/galleries/unionsquare/images/02_apple_union_square_023_large_2x.jpg
us,Union Square,3,https://www.apple.com/retail/store/images/galleries/unionsquare/images/03_apple_union_square_039_large_2x.jpg
us,Union Square,4,https://www.apple.com/retail/store/images/galleries/unionsquare/images/04_apple_union_square_016_large_2x.jpg
us,Union Square,5,https://www.apple.com/retail/store/images/galleries/unionsquare/images/05_apple_union_square_003_large_2x.jpg
us,Union Square,6,https://www.apple.com/retail/store/images/galleries/unionsquare/images/06_apple_union_square_010_large_2x.jpg
us,Union Square,7,https://www.apple.com/retail/store/images/galleries/unionsquare/images/07_apple_union_square_042_large_2x.jpg
us,Union Square,8,https://www.apple.com/retail/store/images/galleries/unionsquare/images/08_apple_union_square_028_large_2x.jpg
us,University Park Mall,1,https://www.apple.com/retail/universityparkmall/images/hero_large_2x.jpg
us,University Park Village,1,https://www.apple.com/retail/universityparkvillage/images/hero_large_2x.jpg
us,University Town Center,1,https://www.apple.com/retail/universitytowncenter/images/hero_large_2x.jpg
us,University Village,1,https://www.apple.com/retail/universityvillage/images/hero_large_2x.jpg
us,Upper East Side,1,https://www.apple.com/retail/uppereastside/images/hero_large_2x.jpg
us,Upper East Side,2,https://www.apple.com/retail/store/images/galleries/uppereastside/images/ues_gallery_image2_large_2x.jpg
us,Upper East Side,3,https://www.apple.com/retail/store/images/galleries/uppereastside/images/ues_gallery_image3_large_2x.jpg
us,Upper East Side,4,https://www.apple.com/retail/store/images/galleries/uppereastside/images/ues_gallery_image4_large_2x.jpg
us,Upper East Side,5,https://www.apple.com/retail/store/images/galleries/uppereastside/images/ues_gallery_image5_large_2x.jpg
us,Upper East Side,6,https://www.apple.com/retail/store/images/galleries/uppereastside/images/ues_gallery_image6_large_2x.jpg
us,Upper East Side,7,https://www.apple.com/retail/store/images/galleries/uppereastside/images/ues_gallery_image7_large_2x.jpg
us,Upper East Side,8,https://www.apple.com/retail/store/images/galleries/uppereastside/images/ues_gallery_image8_large_2x.jpg
us,Upper West Side,1,https://www.apple.com/retail/upperwestside/images/hero_large_2x.jpg
us,Upper West Side,2,https://www.apple.com/retail/store/images/galleries/upperwestside/images/uws_gallery_image2_large_2x.jpg
us,Upper West Side,3,https://www.apple.com/retail/store/images/galleries/upperwestside/images/uws_gallery_image3_large_2x.jpg
us,Uptown,1,https://www.apple.com/retail/uptown/images/hero_large_2x.jpg
us,Valencia Town Center,1,https://www.apple.com/retail/valenciatowncenter/images/hero_large_2x.jpg
us,Valley Fair,1,https://www.apple.com/retail/valleyfair/images/hero_large_2x.jpg
us,Valley Plaza,1,https://www.apple.com/retail/valleyplaza/images/hero_large_2x.jpg
us,Victoria Gardens,1,https://www.apple.com/retail/victoriagardens/images/hero_large_2x.jpg
us,Village Pointe,1,https://www.apple.com/retail/villagepointe/images/hero_large_2x.jpg
us,Vintage Faire,1,https://www.apple.com/retail/vintagefaire/images/hero_large_2x.jpg
us,Walden Galleria,1,https://www.apple.com/retail/waldengalleria/images/hero_large_2x.jpg
us,Walnut Street,1,https://www.apple.com/retail/walnutstreet/images/hero_large_2x.jpg
us,Walt Whitman,1,https://www.apple.com/retail/waltwhitman/images/hero_large_2x.jpg
us,Washington Square,1,https://www.apple.com/retail/washingtonsquare/images/hero_large_2x.jpg
us,Waterside Shops,1,https://www.apple.com/retail/watersideshops/images/hero_large_2x.jpg
us,Wellington Green,1,https://www.apple.com/retail/wellingtongreen/images/hero_large_2x.jpg
us,West 14th Street,1,https://www.apple.com/retail/west14thstreet/images/hero_large_2x.jpg
us,West 14th Street,2,https://www.apple.com/retail/store/images/galleries/west14thstreet/images/west14thstreet_gallery_image2_large_2x.jpg
us,West 14th Street,3,https://www.apple.com/retail/store/images/galleries/uppereastside/images/ues_gallery_image1_large_2x.jpg
us,West 14th Street,4,https://www.apple.com/retail/store/images/galleries/west14thstreet/images/west14thstreet_gallery_image4_large_2x.jpg
us,West County,1,https://www.apple.com/retail/westcounty/images/hero_large_2x.jpg
us,West Town Mall,1,https://www.apple.com/retail/westtownmall/images/hero_large_2x.jpg
us,Westfarms,1,https://www.apple.com/retail/westfarms/images/hero_large_2x.jpg
us,Williamsburg,1,https://www.apple.com/retail/williamsburg/images/hero_large_2x.jpg
us,Willow Grove Park,1,https://www.apple.com/retail/willowgrovepark/images/hero_large_2x.jpg
us,Willowbrook,1,https://www.apple.com/retail/willowbrook/images/hero_large_2x.jpg
us,Willowbrook Mall,1,https://www.apple.com/retail/willowbrookmall/images/hero_large_2x.jpg
us,Woodfield,1,https://www.apple.com/retail/woodfield/images/hero_large_2x.jpg
us,Woodland,1,https://www.apple.com/retail/woodland/images/hero_large_2x.jpg
us,Woodland Hills,1,https://www.apple.com/retail/woodlandhills/images/hero_large_2x.jpg
us,World Trade Center,1,https://www.apple.com/retail/worldtradecenter/images/hero_large_2x.jpg
